번호,약국명,일요일 시작,일요일 종료,위도,경도,구별
1,국일약국,1500,2000,37.5695341,126.9884726,종로구
2,민약국,900,2000,37.5748925,126.9708473,종로구
3,세검약국,1300,2130,37.5997036,126.9590644,종로구
4,옥인온누리약국,900,1300,37.576328,126.9728404,종로구
5,종근당약국,900,2000,37.5707431,127.0032834,종로구
6,우리약국,1300,1930,37.5810637,126.9667284,종로구
7,성당약국,900,2100,37.5715032,126.9890403,종로구
8,한독약국,1200,2130,37.5805352,127.0044164,종로구
9,종로프라자약국,1000,2250,37.581555,126.9705744,종로구
10,숭인다모아약국,1000,1300,37.5766746,127.0157357,종로구
11,열린약국,700,1800,37.5706784,127.0003241,종로구
12,수도약국,1200,1900,37.5739951,126.9851157,종로구
13,정성약국,900,2100,37.5750886,127.0215732,종로구
14,백화점약국,800,2100,37.5707225,127.0037309,종로구
15,효성약국,900,2100,37.5758272,127.0102981,종로구
16,태약국,900,2000,37.571101,126.9998928,종로구
17,경일약국,900,2200,37.5729503,126.9793579,종로구
18,동시약국,800,1900,37.5705928,127.0002143,종로구
19,보성온누리약국,1000,1900,37.5883847,126.9956567,종로구
20,보람약국,900,1900,37.572261,127.0139678,종로구
21,대경약국,900,2100,37.5725774,127.0122667,종로구
22,금왕약국,900,1930,37.5738368,127.01159,종로구
23,동아약국,1000,1900,37.570565,126.9990577,종로구
24,광교약국,1000,2130,37.5690482,126.9831,종로구
25,소담약국,1300,2100,37.5843648,126.9976253,종로구
26,공생약국,1000,1900,37.57067,127.0030535,종로구
27,인제약국,800,1900,37.5705946,126.9991547,종로구
28,센츄럴팜약국,1000,2200,37.555042,126.9695336,중구
29,새재약국,800,2100,37.5623706,127.0041364,중구
30,새원약국,1000,2100,37.5637293,126.9852878,중구
31,장수약국,900,1730,37.5652265,127.0195821,중구
32,우정약국,800,1200,37.5705358,126.9998698,종로구
33,종로백제약국,1000,1830,37.5712211,127.0039744,종로구
34,부광약국,900,1930,37.5712049,127.0025981,종로구
35,하트약국,1200,2100,37.5826659,127.0021429,종로구
36,종로백세약국,1030,1800,37.5712402,127.0022919,종로구
37,동남약국,1200,2000,37.5700878,126.9912669,종로구
38,보령약국,900,1700,37.5713013,127.0004652,종로구
39,지영오행당약국,1100,2100,37.5855097,126.9970597,종로구
40,신세계약국,1300,2100,37.5700969,126.9913845,종로구
41,다산온누리약국,1000,2000,37.5558422,127.0109529,중구
42,소아제일약국,800,1800,37.533217,127.0047222,용산구
43,참온누리약국,900,2100,37.5466124,126.9815387,용산구
44,보명약국,1200,1530,37.5470841,127.0204569,성동구
45,상도약국,900,1800,37.5603662,127.0326803,성동구
46,영화당약국,1800,2300,37.5609396,127.0467953,성동구
47,새대우약국,1600,2300,37.561807,127.0534725,성동구
48,수명약국,900,2100,37.546083,127.0449815,성동구
49,동틀약국,1000,2000,37.544524,127.065004,성동구
50,메디팜일진약국,900,1800,37.5626248,127.0541074,성동구
51,정민약국,1500,2300,37.5677999,127.0506845,성동구
52,보람약국,930,1230,37.5401176,127.0163862,성동구
53,신세계약국,800,2200,37.5366902,127.0575116,성동구
54,대중약국,1500,2130,37.5644667,127.0280634,성동구
55,명동하이약국,1200,2300,37.5651142,126.9839311,중구
56,광희약국,1700,2130,37.5639754,127.0074496,중구
57,주원약국,1400,1900,37.5654047,127.0203223,중구
58,백두산약국,900,2200,37.5462755,127.0440499,성동구
59,비트플렉스약국,1030,2230,37.5621482,127.0379421,성동구
60,유명한약국,900,2100,37.5483456,127.021881,성동구
61,신효창프라자약국,800,1300,37.5395573,126.9610667,용산구
62,수명약국,900,2130,37.5457359,126.9816695,용산구
63,삼정약국,1500,2200,37.5334471,126.9558212,용산구
64,임상약국,1200,2100,37.5278378,126.9545621,용산구
65,승현약국,900,2300,37.5511934,126.9631267,용산구
66,신태양약국,900,1900,37.5493399,126.979872,용산구
67,신명약국,1600,2000,37.5493399,126.979872,용산구
68,수복약국,730,2300,37.5392214,126.9575013,용산구
69,전약국,1000,2200,37.5338365,126.9939277,용산구
70,명진약국,900,2100,37.5465566,126.9817466,용산구
71,메디팜미래로약국,1000,2200,37.5447824,126.9682535,용산구
72,백경약국,1300,1700,37.5349173,126.9595617,용산구
73,서울중앙약국,700,2300,37.5490645,126.9704658,용산구
74,종로프라자약국,1000,2330,37.5288539,126.9640447,용산구
75,옵티마뚝도시장약국,1000,2200,37.5374541,127.0540995,성동구
76,메디팜일진약국,900,1800,37.5616976,127.0342907,성동구
77,옥수대한약국,900,1300,37.5465935,127.0142975,성동구
78,산호약국,1000,1800,37.5627213,127.0334331,성동구
79,강변그랜드약국,900,1800,37.5432911,127.069075,광진구
80,금성약국,1300,2200,37.5376448,127.0836627,광진구
81,뉴메디칼약국,900,2130,37.5359613,127.0652252,광진구
82,건대역약국,1000,1700,37.5407323,127.0673778,광진구
83,강변그랜드약국,900,1800,37.5373373,127.0976724,광진구
84,온누리강변프라자약국,900,1800,37.5373373,127.0976724,광진구
85,더샾스타시티약국,900,2300,37.5376127,127.0726183,광진구
86,뉴메디칼약국,900,2130,37.5483453,127.0693268,광진구
87,보림약국,900,200,37.5708961,127.0705258,동대문구
88,새성수약국,1100,2300,37.5807176,127.0516323,동대문구
89,아파트엠약국,1000,2100,37.5727927,127.0321687,동대문구
90,외대조은약국,1000,2400,37.5764921,127.0604586,동대문구
91,메디팜동아약국,1300,1800,37.5966208,127.0670655,동대문구
92,성심약국,1130,2400,37.5900409,127.0564928,동대문구
93,탑메디칼약국,900,2130,37.5510506,127.091475,광진구
94,레몬약국,900,1300,37.5402806,127.0950196,광진구
95,조은우리약국,930,2200,37.5373796,127.0830368,광진구
96,중곡종로약국,1000,2100,37.5575847,127.0881598,광진구
97,삼육오약국,1000,2200,37.5401601,127.0631631,광진구
98,행복한약국,900,1800,37.5356875,127.0821274,광진구
99,온누리메디칼약국,900,2000,37.5405784,127.0676377,광진구
100,더클래식약국,900,2400,37.5387765,127.0710831,광진구
101,진명약국,900,2100,37.5542743,127.0754224,광진구
102,용상약국,1700,2200,37.5483553,127.1076331,광진구
103,광해약국,1000,2130,37.5562337,127.0792995,광진구
104,동서울약국,830,2200,37.5333713,127.0933675,광진구
105,수도약국,1000,1800,37.5451101,127.0884521,광진구
106,완미약국,1800,2400,37.5448201,127.0854319,광진구
107,더샾스타시티약국,900,2300,37.5383305,127.0751022,광진구
108,신상록수약국,1000,2100,37.5734302,127.031128,동대문구
109,신보명약국,900,2000,37.5649987,127.0644719,동대문구
110,중경당약국,900,2300,37.5660714,127.0680604,동대문구
111,한사랑온누리약국,900,1700,37.5674369,127.0523757,동대문구
112,한가람약국,900,2100,37.5901586,127.0617577,동대문구
113,서생당약국,1000,1800,37.5749819,127.0469616,동대문구
114,세광약국,700,2030,37.5794752,127.042044,동대문구
115,새린온누리약국,900,1800,37.5721179,127.0698325,동대문구
116,중량약국,900,1800,37.591809,127.0674123,동대문구
117,행복한정약국,800,1900,37.6033642,127.0622216,동대문구
118,메디팜사랑약국,900,1800,37.5895839,127.0623447,동대문구
119,메디칼갑산약국,900,1700,37.5916719,127.0665908,동대문구
120,이문우량아약국,830,1900,37.6032986,127.0655384,동대문구
121,넘버원삼육약국,900,1700,37.5887474,127.0626484,동대문구
122,한사랑온누리약국,900,1700,37.6031017,127.0667232,동대문구
123,오로라온누리약국,1630,2000,37.5788629,127.0501263,동대문구
124,세화당약국,1100,2330,37.5958659,127.0759351,중랑구
125,백십자약국,900,2100,37.5820949,127.0893396,중랑구
126,성지약국,900,2300,37.6174917,127.0821762,중랑구
127,종로태평양약국,900,1900,37.5995978,127.0981633,중랑구
128,건명약국,900,1030,37.589608,127.0870355,중랑구
129,은혜약국,1200,1900,37.5956471,127.0993966,중랑구
130,이즈약국,830,1800,37.5995459,127.0977381,중랑구
131,팜코리아약국,900,2000,37.5831897,127.0886458,중랑구
132,덕수약국,900,1200,37.5971532,127.0757912,중랑구
133,엔파트약국,1000,1300,37.5939234,127.0749298,중랑구
134,종로태평양약국,900,1900,37.6121854,127.0770867,중랑구
135,무궁화약국,1000,2200,37.5794549,127.087121,중랑구
136,제일한사랑약국,1000,1800,37.6168565,127.0913817,중랑구
137,새봉화약국,900,1400,37.6163947,127.0926039,중랑구
138,성재약국,1500,2300,37.5829463,127.0853665,중랑구
139,조은약국,1200,2100,37.602085,127.1019861,중랑구
140,탑약국,900,1430,37.5930782,127.0717073,중랑구
141,이안온누리약국,900,1330,37.579669,127.087432,중랑구
142,백세약국,900,2200,37.6066393,127.0955549,중랑구
143,튼튼약국,1500,2200,37.5838499,127.0884928,중랑구
144,나바론약국,1500,2000,37.5890576,127.0065981,성북구
145,동부약국,1500,1900,37.6093646,127.0241008,성북구
146,모당약국,1600,2000,37.5963256,127.015127,성북구
147,세원약국,1500,2300,37.5937325,127.0188153,성북구
148,온누리민우약국,1200,2200,37.6106761,127.0606347,성북구
149,화성약국,830,2200,37.6085364,127.0358646,성북구
150,남정약국,1000,1700,37.5816855,127.0210725,성북구
151,제창약국,830,2200,37.6056468,127.0134049,성북구
152,태평양약국,830,2000,37.6113927,127.0091032,성북구
153,서울고명약국,1300,2300,37.598646,127.0205729,성북구
154,계산온누리약국,1500,2200,37.5906234,127.0170138,성북구
155,365약국,930,2130,37.6085892,127.0294443,성북구
156,남정약국,1000,1700,37.6010514,127.0368411,성북구
157,인정온누리약국,900,1530,37.5854352,127.0101732,성북구
158,중앙프라자약국,900,1300,37.5922201,127.0161572,성북구
159,성북월드팜약국,900,2100,37.6092663,127.0524388,성북구
160,명소약국,900,2100,37.6070225,127.0610963,성북구
161,서울약국,900,1300,37.5983468,127.0214341,성북구
162,광장온누리약국,900,1900,37.652697,127.0513307,도봉구
163,유림당약국,900,1900,37.653293,127.0407996,도봉구
164,세일약국,930,1930,37.631354,127.0219451,강북구
165,수유동약국,1100,2000,37.6363298,127.0227421,강북구
166,웰빙메디칼약국,1100,1800,37.6252952,127.0261504,강북구
167,만남온누리약국,1100,2100,37.6629357,127.0122947,강북구
168,한사랑온누리약국,900,1600,37.6322927,127.013805,강북구
169,생수당약국,0,0,37.6252206,127.0322019,강북구
170,수유온누리약국,1000,1400,37.6367563,127.0248519,강북구
171,번동프라자약국,1400,2130,37.6347992,127.0355831,강북구
172,화원약국,900,1800,37.6450138,127.0154612,강북구
173,필약국,900,1300,37.6289207,127.0393082,강북구
174,조은약국,900,1600,37.6367746,127.0238931,강북구
175,수유프라자약국,1000,2300,37.633884,127.0315693,강북구
176,우리대한약국,1000,2100,37.6350823,127.0228933,강북구
177,수유파랑새약국,900,1800,37.6452328,127.0153586,강북구
178,삼성약국,1000,2100,37.6451106,127.0199495,강북구
179,바른약국,800,2200,37.6441578,127.0228334,강북구
180,메디팜큰사랑약국,1030,2100,37.6488436,127.0352587,도봉구
181,종로프라자약국,830,2200,37.6520293,127.0467461,도봉구
182,이화태평양약국,1100,2130,37.6391474,127.0382089,도봉구
183,창동종로약국,800,1930,37.6526996,127.0469574,도봉구
184,창동남대문약국,900,2200,37.6380868,127.0373172,도봉구
185,명산약국,900,1300,37.6511681,127.050345,도봉구
186,후문한일약국,900,1200,37.6457729,127.030316,도봉구
187,파마트열린약국,1000,1600,37.6581169,127.0325037,도봉구
188,건강제일녹십자약국,900,1800,37.6338197,127.0412029,도봉구
189,태양약국,1600,2200,37.6486098,127.0343291,도봉구
190,도봉태평양약국,900,2200,37.6777094,127.0447308,도봉구
191,도봉태평양약국,900,2200,37.6535673,127.0504176,도봉구
192,건강제일녹십자약국,900,1800,37.6583229,127.0358637,도봉구
193,창동이화약국,900,1300,37.651399,127.0458986,도봉구
194,수락프라자약국,900,2230,37.6774161,127.054858,노원구
195,인덕약국,1200,1830,37.6308761,127.0610421,노원구
196,당고개약국,900,2200,37.6708273,127.0799769,노원구
197,오피앙약국,900,1400,37.6802689,127.0548694,노원구
198,나현약국,1000,2300,37.6563873,127.0696141,노원구
199,백조약국,1100,1930,37.6271512,127.0791017,노원구
200,새고운약국,1000,2000,37.6196709,127.074629,노원구
201,새봄약국,830,1600,37.6393876,127.0642707,노원구
202,i튼튼약국,900,1700,37.6244964,127.0729685,노원구
203,봄약국,900,1400,37.6530156,127.0613085,노원구
204,열린온누리약국,1000,2200,37.6252771,127.079689,노원구
205,수성약국,1000,2000,37.6589601,127.0614785,노원구
206,화랑대약국,930,1800,37.6207817,127.0836072,노원구
207,신동아약국,1000,2230,37.62644,127.0619091,노원구
208,새하늘약국,1100,2200,37.6498393,127.0612839,노원구
209,건강플러스약국,900,1300,37.6576842,127.0616951,노원구
210,중계상록수약국,900,1700,37.6508113,127.0759834,노원구
211,서부약국,1000,2100,37.6668466,127.056826,노원구
212,나라약국,1400,2100,37.6578283,127.0627077,노원구
213,새하늘약국,1100,2200,37.6466975,127.0657247,노원구
214,푸른바다약국,900,1500,37.6152064,127.0651538,노원구
215,삼호성심약국,830,1300,37.6244076,127.0655937,노원구
216,유진약국,1000,1900,37.612751,126.9152122,은평구
217,메디팜새경약국,1100,2130,37.6056872,126.9103486,은평구
218,예일태평양약국,900,1300,37.6111105,126.9168115,은평구
219,은빛약국,900,1800,37.6234309,126.9194399,은평구
220,참조은약국,1230,1800,37.5837873,126.9092266,은평구
221,예일태평양약국,900,1300,37.6199895,126.9199824,은평구
222,제중원약국,900,2130,37.5810703,126.9356344,서대문구
223,모범약국,1400,2200,37.5772302,126.9232234,서대문구
224,은하약국,1500,2000,37.589583,126.9427214,서대문구
225,은하약국,1500,2000,37.5821633,126.9236109,서대문구
226,완약국,600,2000,37.5954357,126.946106,서대문구
227,필온누리약국,1200,2100,37.5557016,126.9364107,서대문구
228,가족건강약국,800,2200,37.5071231,126.9622493,동작구
229,성대약국,900,2100,37.4999898,126.9325522,동작구
230,대형약국,1000,2000,37.5577749,126.9564155,서대문구
231,사러가약국,1000,2100,37.5671033,126.9296369,서대문구
232,김약국,1000,2100,37.5221403,126.8333183,양천구
233,가까운온누리약국,1300,2100,37.5173729,126.8653092,양천구
234,예원약국,1000,1400,37.5668425,126.963932,서대문구
235,한신약국,900,1900,37.5850354,126.9474505,서대문구
236,대유약국,900,2130,37.5818166,126.9358604,서대문구
237,새무지개약국,900,1300,37.5210264,126.8521472,양천구
238,소망온누리약국,1000,2100,37.5217128,126.8340954,양천구
239,건강온누리약국,900,2000,37.5049188,126.9411015,동작구
240,사당프라자약국,930,1700,37.4832665,126.9732338,동작구
241,사당소화약국,1030,1700,37.4771402,126.9811313,동작구
242,영신약국,1500,2200,37.5763376,126.9145067,서대문구
243,가정약국,900,1300,37.5466283,126.8720586,양천구
244,신국경약국,1100,1400,37.5457623,126.8711007,양천구
245,목동온누리약국,1200,1830,37.5154827,126.8613901,양천구
246,연성약국,900,1300,37.5026898,126.8626537,양천구
247,한울약국,900,1300,37.5257763,126.8703272,양천구
248,매일여는약국,900,2400,37.5274468,126.8715522,양천구
249,대흥약국,900,2130,37.5067403,126.9094654,영등포구
250,온누리유진약국,900,1700,37.5139257,126.9176431,영등포구
251,산들약국,1100,1900,37.5563679,127.1419695,강동구
252,곰달래약국,900,1900,37.531527,126.8580857,강서구
253,미주약국,1800,2200,37.574644,126.8189919,강서구
254,종대약국,800,2200,37.5085758,126.9003381,영등포구
255,태령약국,1000,2100,37.5063336,126.9107957,영등포구
256,수산약국,800,2230,37.4997882,126.9006513,영등포구
257,종로당약국,1000,1700,37.5635612,126.8547253,강서구
258,메디팜대원약국,1400,2200,37.6005485,126.9189476,은평구
259,하늘약국,900,1300,37.6044098,126.9239269,은평구
260,한림약국,1100,2100,37.5365511,127.134689,강동구
261,강동정문약국,1300,1700,37.5283515,127.1457028,강동구
262,시민당약국,900,2100,37.5380392,127.1398045,강동구
263,애플약국,900,1300,37.6350842,126.923615,은평구
264,오온누리약국,900,1500,37.6055353,126.9221587,은평구
265,래미안온누리약국,1000,1700,37.5318721,126.9031482,영등포구
266,발산그랜드약국,1000,2000,37.5594039,126.8389535,강서구
267,가양마트약국,1000,2200,37.5578966,126.8622978,강서구
268,은평자연약국,1400,2100,37.6208234,126.9172857,은평구
269,불광온누리약국,1030,2100,37.6108916,126.9299497,은평구
270,정문온누리약국,830,2200,37.6084587,126.9312292,은평구
271,아름다운달과별약국,1000,2400,37.6190571,126.9201953,은평구
272,메디팜대원약국,1400,2200,37.6004562,126.9210757,은평구
273,국제공항약국,700,1930,37.555525,126.8067017,강서구
274,마곡하늘약국,1100,1900,37.577303,126.8129837,강서구
275,엄마약국,1300,2000,37.4950722,126.8973708,영등포구
276,정안약국,830,2030,37.5013658,126.9170282,영등포구
277,천사온누리약국,1200,1900,37.5063001,126.9614927,동작구
278,신중앙약국,1300,2400,37.5078385,126.9608187,동작구
279,상록수약국,900,2000,37.5522768,127.1296204,강동구
280,튼튼온누리약국,900,1730,37.5476646,127.1269648,강동구
281,강동한우리약국,930,1930,37.5503621,127.1279032,강동구
282,개화약국,900,2200,37.5728788,126.8073293,강서구
283,스카이약국,1000,2200,37.5667733,126.8025118,강서구
284,상도시장약국,1030,2200,37.5013318,126.937092,동작구
285,상도시장약국,1030,2200,37.4879346,126.9809066,동작구
286,가족건강약국,800,2200,37.5053511,126.9465209,동작구
287,보건약국,1100,1900,37.5232097,126.9330608,영등포구
288,세종로약국,900,1600,37.5046076,126.9218357,영등포구
289,동방약국,900,1300,37.5430751,126.8393743,강서구
290,새싹약국,1000,1400,37.5484157,126.8367396,강서구
291,세종약국,1000,1400,37.464637,126.9025193,금천구
292,오성당약국,730,2100,37.4554654,126.9038933,금천구
293,대우당약국,1900,2200,37.4505615,126.906579,금천구
294,녹수프라자약국,900,2200,37.4657159,126.9017801,금천구
295,지현약국,1000,2300,37.5136894,126.9222537,영등포구
296,윤중약국,900,2100,37.5213559,126.9249795,영등포구
297,자성당약국,900,1800,37.5639494,126.812495,강서구
298,월성약국,800,2100,37.5316931,126.8379837,강서구
299,미동약국,1000,2100,37.5346186,126.8387925,강서구
300,성신약국,900,2200,37.5330576,126.8589924,강서구
301,성혜약국,900,2100,37.5280344,126.8421518,강서구
302,미주약국,1800,2200,37.561687,126.8098122,강서구
303,성신약국,900,2200,37.549376,126.8340776,강서구
304,태양약국,1000,2200,37.5353774,126.8614803,강서구
305,남문프라자약국,900,2100,37.4798346,126.8824997,금천구
306,비즈메드약국,1000,1700,37.4530099,126.9017478,금천구
307,선화온누리약국,1200,2100,37.5104348,126.9170284,영등포구
308,대명약국,1400,2030,37.5142196,126.9069031,영등포구
309,우당약국,800,2200,37.5181045,126.9329752,영등포구
310,녹십자약국,1400,2300,37.5557665,126.8571546,강서구
311,웰빙국내선약국,700,1900,37.555525,126.8067017,강서구
312,새한약국,1700,2200,37.5453501,126.8620483,강서구
313,별장약국,900,2330,37.4491259,126.9082092,금천구
314,정암산약국,900,2200,37.4511037,126.9023758,금천구
315,토마스약국,900,2200,37.4672831,126.8991085,금천구
316,성심약국,800,2100,37.4597989,126.9043307,금천구
317,삼화약국,800,2230,37.4500511,126.9040017,금천구
318,남문프라자약국,900,2100,37.4725609,126.8986569,금천구
319,예닮약국,900,1300,37.469756,126.8975031,금천구
320,명수대약국,1000,2000,37.5069292,126.9615224,동작구
321,약산약국,1030,2000,37.5112753,126.91446,영등포구
322,서진약국,900,1300,37.5022802,126.8963702,영등포구
323,온누리세종약국,1400,1900,37.4776948,126.9780598,동작구
324,대남약국,900,2200,37.5020997,126.9369103,동작구
325,명인약국,1400,2000,37.4980298,126.9207304,동작구
326,인화약국,1000,2100,37.5111191,126.9451481,동작구
327,제일약국,1500,2030,37.5041589,126.9225343,동작구
328,호약국,900,2100,37.5335165,126.8359459,양천구
329,제성약국,1100,1900,37.5395496,126.8660131,양천구
330,신왕약국,1230,2000,37.5335416,126.8267356,양천구
331,상마약국,1030,1730,37.5232563,126.8758225,양천구
332,내외약국,1000,1300,37.5182365,126.8417727,양천구
333,영민약국,900,1430,37.5345944,126.8847018,양천구
334,백십자약국,1200,2000,37.5185063,126.8429144,양천구
335,무지개약국,1030,1430,37.5485637,126.8636902,양천구
336,사당소화약국,1030,1700,37.4983838,126.9210091,동작구
337,상아온누리약국,900,1300,37.4976242,126.9439424,동작구
338,아름다운약국,1000,1900,37.5515099,126.9619171,마포구
339,태평양약국,900,2400,37.5527992,126.9239678,마포구
340,정아약국,900,2100,37.5481148,126.9181538,마포구
341,메디팜덕인약국,1000,1700,37.5568536,126.9513783,마포구
342,더블유스토어연세약국,830,1230,37.5575783,126.9151049,마포구
343,신일약국,1600,2000,37.5560321,126.9624213,마포구
344,영진약국,1000,1030,37.5371027,127.115612,송파구
345,비온뒤숲속약국,1200,2100,37.5581472,126.9078145,마포구
346,더블유스토어연세약국,830,1230,37.5551342,126.9356458,마포구
347,애오개약국,900,1500,37.5519822,126.9565201,마포구
348,이화키즈팜약국,830,1330,37.5458958,126.9515058,마포구
349,옵티마상원약국,1000,2100,37.5555962,126.9101345,마포구
350,이화메세나약국,1300,2100,37.5489656,126.9134767,마포구
351,W스토아청와약국,830,2300,37.4845387,126.8880108,구로구
352,구로종로약국,1030,2130,37.4957517,126.8425667,구로구
353,하나온누리약국,1500,2100,37.4911085,126.8419011,구로구
354,365열린약국,900,2200,37.5026074,126.8498258,구로구
355,성인약국,1000,2200,37.486498,126.8561607,구로구
356,다은온누리약국,1100,1700,37.4741978,126.9337003,관악구
357,새태평양온누리약국,1100,2200,37.4753949,126.9654829,관악구
358,구로종로약국,1030,2130,37.5025245,126.8496404,구로구
359,한마을약국,1000,2100,37.4952998,126.8625447,구로구
360,대웅프라자약국,1300,2000,37.506086,126.888665,구로구
361,광주약국,900,2200,37.4878929,126.9582546,관악구
362,일광약국,830,2030,37.4868485,126.9175511,관악구
363,대림약국,830,2400,37.4764875,126.9587646,관악구
364,송파제일약국,1300,1900,37.4967226,127.1317199,송파구
365,문정우리들약국,1000,1500,37.5119129,127.1135622,송파구
366,3층메디칼약국,1000,1800,37.5157197,127.1322328,송파구
367,일번약국,1000,1730,37.5307648,127.112985,송파구
368,시장온누리약국,930,2030,37.5370915,127.1213535,송파구
369,태양약국,1000,2200,37.4955825,126.8423024,구로구
370,디큐브약국,1100,2100,37.5084321,126.8887332,구로구
371,녹십자약국,1600,2100,37.4906386,126.8842679,구로구
372,두산약국,900,1300,37.4917902,126.8920319,구로구
373,성보약국,900,2000,37.4816072,126.9432396,관악구
374,마천푸른솔약국,1100,2000,37.4981642,127.1469278,송파구
375,365바른약국,830,2200,37.5119423,127.0870254,송파구
376,가든파이브약국,1000,2200,37.4775778,127.1249983,송파구
377,조아약국,1000,2200,37.5023699,126.8814842,구로구
378,태영약국,900,1300,37.5055816,126.889833,구로구
379,태평양약국,1730,2130,37.484189,126.9273666,관악구
380,봉천프라자약국,1000,2100,37.4819264,126.9427614,관악구
381,태평양약국,1000,2100,37.5078652,127.0879833,송파구
382,그랜드약국,900,2000,37.5092777,127.1248569,송파구
383,송파그랜드약국,1200,2200,37.4849538,127.1259706,송파구
384,팜플러스약국,900,2200,37.4956238,127.1220318,송파구
385,열린약국,2000,2200,37.5035169,127.1138097,송파구
386,수태평양약국,900,2100,37.5026376,126.8499599,구로구
387,대자연약국,1500,2200,37.5459172,127.1335363,강동구
388,강동태평양약국,900,2200,37.5263296,127.1351805,강동구
389,새아름약국,1500,1830,37.5504248,127.1288335,강동구
390,용성약국,800,2100,37.5548972,127.137492,강동구
391,우리들약국,1000,2430,37.5509801,127.1275225,강동구
392,송파태양약국,1200,2000,37.5108761,127.1155268,송파구
393,모범약국,1000,1900,37.5021823,127.0950148,송파구
394,가까운단골약국,1130,2200,37.5532743,127.1559359,강동구
395,메디팜신창약국,1100,2100,37.5515077,127.1277099,강동구
396,강동약국,1600,2100,37.5519808,127.1353165,강동구
397,새실로암약국,1000,2200,37.5499518,127.143503,강동구
398,태극약국,1700,2100,37.5606771,127.1624739,강동구
399,신연세약국,1000,1300,37.5545309,127.1350844,강동구
400,행복한약국,1000,1400,37.4830932,126.9252769,관악구
401,신한성약국,830,2200,37.4763516,126.9777694,관악구
402,헬로팜약국,1400,2300,37.5110296,127.0830765,송파구
403,뉴프라임약국,900,2200,37.494231,127.1177169,송파구
404,메디팜더미소약국,900,2100,37.5069886,127.1215255,송파구
405,신미소약국,1000,2300,37.4841828,126.9032353,관악구
406,가든건강약국,1000,1700,37.5049601,127.0847025,송파구
407,온누리대광약국,900,1800,37.4925953,126.8971845,영등포구
408,중앙약국,800,2200,37.5154709,126.9066823,영등포구
409,구명약국,1000,1930,37.4895765,126.9255086,관악구
410,두산약국,1700,2200,37.4867442,126.9453733,관악구
411,새난곡약국,900,1300,37.4736875,126.9184995,관악구
412,한얼메디칼약국,900,2100,37.4760399,126.9776742,관악구
413,365열린약국,1000,2300,37.4845117,126.9300644,관악구
414,고층약국,1400,1800,37.5124493,127.0933084,송파구
415,후생약국,930,2130,37.497363,127.15003,송파구
416,신대흥약국,900,1300,37.5210547,126.899121,영등포구
417,신길프라자약국,900,1300,37.5081661,126.905409,영등포구
418,종로온누리약국,1000,1800,37.4927568,126.9080731,영등포구
419,신세명약국,1000,2000,37.4974405,126.9035096,영등포구
420,관악수약국,900,2200,37.4706344,126.9337182,관악구
421,유쾌한약국,900,1300,37.4737949,126.9174296,관악구
422,새유명온누리약국,1000,1400,37.4902209,126.9291971,관악구
423,관악수약국,900,2200,37.4774868,126.961636,관악구
424,감초당약국,1400,2100,37.5070168,127.1079727,송파구
425,메디팜하나약국,830,1300,37.5003751,127.1110805,송파구
426,웃는내일약국,900,1300,37.5268553,126.8924014,영등포구
427,광혜약국,1300,2200,37.5478924,126.9455614,마포구
428,준약국,1000,1600,37.5669649,126.9097901,마포구
429,세계로약국,900,2100,37.498618,127.1471273,송파구
430,구원약국,1000,2000,37.5425545,126.9441373,마포구
431,자연약국,1900,2200,37.4851816,127.0186503,서초구
432,유경약국,900,2200,37.4938791,126.9860708,서초구
433,세계로약국,1400,2200,37.4797819,126.9821548,서초구
434,건강과행복이열리는약국,1300,2130,37.4943655,127.015124,서초구
435,굿모닝약국,900,2200,37.5041299,127.0030692,서초구
436,우리들약국,900,2230,37.5021218,127.0120092,서초구
437,곰돌이스타약국,900,1700,37.5013247,127.0254986,서초구
438,서초삼성약국,1000,2000,37.4955719,127.0270752,서초구
439,신오약국,1200,2200,37.4989982,127.025936,서초구
440,영동프라자약국,1100,1900,37.5084699,127.0220996,서초구
441,서원약국,1000,2000,37.5018765,127.00283,서초구
442,현대영약국,900,1530,37.4963126,127.0278447,서초구
443,두리약국,900,1300,37.4925425,127.0292585,서초구
444,신명성약국,900,1900,37.4987062,126.9985599,서초구
445,방배대한약국,1000,1630,37.4869655,126.9827324,서초구
446,녹십자약국,900,2200,37.4888111,126.9925406,서초구
447,교대사랑약국,900,2100,37.4952379,127.0180743,서초구
448,에이티약국,1300,1700,37.4786708,127.0366274,서초구
449,금강약국,1300,1900,37.5260254,127.0246603,강남구
450,삼우약국,1000,2100,37.4885214,127.0674325,강남구
451,양월약국,900,1900,37.4887105,127.0681053,강남구
452,서이약국,1000,1700,37.4887091,127.0532038,강남구
453,대치필리아약국,1400,2200,37.497729,127.054481,강남구
454,건강한세상행복한약국,0,2400,37.5058792,127.0242552,강남구
455,동명온누리약국,1000,2100,37.4978042,127.0526264,강남구
456,인선약국,1400,2130,37.521986,127.0391673,강남구
457,호원약국,1800,2200,37.5084972,127.0404872,강남구
458,케이팜약국,930,1900,37.4971078,127.0547704,강남구
459,명옥약국,1000,2100,37.5278022,127.0304445,강남구
460,에이엔씨약국,1000,2000,37.5194669,127.0288329,강남구
461,강남프라자약국,1000,2000,37.516535,127.0383255,강남구
462,행복한미래약국,730,1230,37.5162026,127.0350187,강남구
463,압구정스타약국,1200,2200,37.5248302,127.0253728,강남구
464,한솔인유로온누리약국,1000,1300,37.4992239,127.048424,강남구
465,역삼이화약국,1400,1800,37.4957269,127.0396271,강남구
466,유니팜서울약국,1000,1800,37.4987872,127.0289786,강남구
467,청담수약국,900,1700,37.5183881,127.0466174,강남구
468,청담이화약국,900,2200,37.5161739,127.0434589,강남구
469,강남백세약국,1000,1900,37.4980721,127.0595341,강남구
470,도심공항약국,800,1800,37.5095948,127.0594292,강남구
471,더블유수약국,1100,2100,37.528674,127.0360132,강남구
472,신사수약국,1030,1830,37.5247342,127.0274998,강남구
473,건강한세상행복한약국,0,2400,37.5016208,127.0407561,강남구
474,팜엑스약국,900,2130,37.5101935,127.0585824,강남구
475,아이조은약국,930,1330,37.514916,127.0526194,강남구
476,논현필리아약국,1000,1900,37.5137306,127.0422707,강남구
477,메디칼청실약국,1100,2100,37.4931295,127.059154,강남구
478,나무약국,1000,1400,37.5009285,127.0509776,강남구
479,강남세계로약국,1030,1900,37.4751724,127.0475668,강남구
480,강남웰약국,1000,2030,37.5012747,127.0266415,강남구
481,강남조은약국,930,1330,37.4853251,127.0377431,강남구
482,기쁨약국,1030,2230,37.4786308,127.0477016,강남구
483,제일그랜드약국,600,3000,37.5050679,127.024656,강남구
484,아로마약국,900,1300,37.4978179,127.0428054,강남구
485,외대조은약국,1000,2400,37.5797234,127.0372246,동대문구
486,봄봄약국,900,1400,37.540738,127.1472826,강동구
487,신사굿약국,1000,1800,37.5166836,127.0218544,강남구
488,다정약국,900,1600,37.6061625,127.0148478,성북구
489,연신종로약국,1000,2100,37.6203449,126.924958,은평구
490,구로프라자약국,900,2200,37.4884327,126.8564568,구로구
491,치료의빛예은약국,900,2230,37.5392307,127.0626599,광진구
492,베네시티약국,900,1800,37.540481,127.1249608,강동구
493,삼화약국,1000,2000,37.5808208,127.0457652,동대문구
494,미소온누리약국,1200,1900,37.4803223,126.9145088,관악구
495,아이사랑태평양약국,900,1700,37.510819,126.8806271,구로구
496,가족건강약국,800,2200,37.511377,126.9317385,동작구
497,큰길약국,930,2200,37.4958237,127.0292104,강남구
498,아이파크약국,900,2100,37.5589219,127.1551489,강동구
499,노바약국,1400,2200,37.5074696,127.0272194,강남구
500,종로우리약국,800,2200,37.5706553,127.0000414,종로구
501,판다약국,1000,2230,37.5626814,126.9840287,중구
502,아이파크약국,900,1300,37.4800023,127.144229,송파구
503,고연뿌리약국,900,2200,37.4892201,126.992214,서초구
504,소아제일약국,800,1800,37.5541064,126.9684622,용산구
505,무궁화약국,900,2200,37.6375011,127.0704581,노원구
506,365프라자약국,1000,1600,37.6162355,127.0792636,중랑구
507,씨티약국,1000,2000,37.4997597,127.0271441,강남구
508,압구정온누리약국,1100,1700,37.5264815,127.0276344,강남구
509,길동보룡약국,900,2200,37.5376585,127.140232,강동구
510,참조은약국,930,1600,37.5426383,126.9518887,마포구
511,메디팜더미소약국,900,2100,37.4779201,127.1271843,송파구
512,강남센느약국,1300,1800,37.497689,127.029031,강남구
513,굿약국,1000,1900,37.4999834,127.0259797,서초구
514,반가운약국,1100,2030,37.4919649,127.1254739,송파구
515,제인약국,900,1300,37.5886642,126.9447635,서대문구
516,참약사약국,900,1330,37.6011247,127.0338991,성북구
517,참약국,1030,2300,37.5545666,126.9296725,마포구
518,delight이화약국,1400,2200,37.551221,126.9122889,마포구
519,모래내약국,1000,2000,37.5695486,126.9149256,서대문구
520,햇빛약국,800,1400,37.5412413,126.9489446,마포구
521,합정동산약국,1000,2200,37.5489656,126.9134767,마포구
522,한성약국,1000,1400,37.5753938,127.0548231,동대문구
523,서원약국,1000,2000,37.4854804,127.0163386,서초구
524,맑은샘약국,900,1400,37.5528666,127.0223753,성동구
525,참플러스약국,900,1200,37.5118576,127.112796,송파구
526,조아약국,1300,1900,37.5531859,126.8263802,강서구
527,유정온누리약국,900,1400,37.4974708,126.9207916,동작구
528,호호약국,1300,2200,37.4842235,126.9276952,관악구
529,숭인약국,1100,2100,37.614099,127.0296604,강북구
530,구룡약국,930,1330,37.518809,126.8636099,양천구
531,i튼튼약국,900,1700,37.6710279,127.0529519,노원구
532,삼성약국,900,1400,37.5988352,127.0220935,성북구
533,명동명약국,930,2130,37.5667752,126.9794837,중구
534,행복한우리들약국,900,1400,37.5069379,127.0927552,송파구
535,휴베이스다정약국,1000,2200,37.4762755,126.9647868,관악구
536,월드중앙약국,1000,1900,37.5177414,127.1016565,송파구
537,초이스약국,900,2200,37.4963126,127.0278447,서초구
538,온유약국,800,2000,37.5711641,127.0005429,종로구
539,아이메디칼약국,900,1700,37.6070666,127.0299269,성북구
540,365구생약국,1000,2200,37.611212,126.9287196,은평구
541,소나무약국,1000,2200,37.6466623,127.0709672,노원구
542,솔빛동양약국,1400,2000,37.4873002,127.051556,강남구
543,창대온누리약국,1000,2200,37.5485227,126.8651393,양천구
544,삼희약국,900,1300,37.5264555,126.965707,용산구
545,밝은미소약국,900,2000,37.4861035,126.9472808,관악구
546,가까운약국,900,1330,37.4861035,126.9472808,관악구
547,서리풀약국,1000,1800,37.4864621,127.0209426,서초구
548,한성약국,900,1400,37.5094191,127.0130498,서초구
549,엄약국,1000,2000,37.5712497,127.002988,종로구
550,은평자연약국,1400,2100,37.6130966,126.9143849,은평구
551,곰돌이스타약국,900,1700,37.491914,126.9904974,서초구
552,서초제일약국,1100,2000,37.4839396,126.9955549,서초구
553,종로5가미래약국,900,2000,37.5711718,127.0012401,종로구
554,매일여는온누리약국,900,2400,37.5046802,127.0877732,송파구
555,송파제일약국,1300,1900,37.5114778,127.1126195,송파구
556,가산약국,830,1830,37.4760881,126.8931252,금천구
557,365일팜코리아약국,1000,2100,37.6698686,127.0432761,도봉구
558,창신사랑온누리약국,1000,1300,37.5768766,127.0152236,종로구
559,난곡비타민약국,900,1900,37.4749083,126.9166153,관악구
560,천사약국,800,1900,37.5494023,126.9143203,마포구
561,조약국,1000,2200,37.5745108,127.0387578,동대문구
562,민트약국,1000,2200,37.4982529,126.8727381,구로구
563,종로온누리약국,830,2100,37.5718452,127.0104775,종로구
564,뉴프라임약국,900,2200,37.5096463,127.1238934,송파구
565,마장백화점약국,800,2300,37.576145,127.0387254,동대문구
566,해든튼튼약국,900,1300,37.4772734,127.1273388,송파구
567,교보약국,930,1800,37.4812977,126.9534075,관악구
568,잔소리약국,1200,1900,37.5792296,126.9874697,종로구
569,유연약국,1400,1600,37.5549336,127.0367427,성동구
570,테헤란건강약국,1500,2100,37.5035313,127.0510544,강남구
571,수태평양약국,900,2100,37.4979909,126.856915,구로구
572,가까운약국,900,2100,37.50267,126.9359036,동작구
573,에메랄드약국,1000,2200,37.5168147,127.0221321,강남구
574,이화약국,830,1830,37.5115117,127.0123435,서초구
575,365열린약국,1000,2300,37.4864085,126.9472347,관악구
576,연세우리약국,900,2100,37.5607123,127.0359967,성동구
577,대원사약국,1000,2000,37.6013476,127.0779816,중랑구
578,세곡온누리약국,900,2300,37.466266,127.1167873,강남구
579,신길약국,800,1800,37.5124559,126.9169347,영등포구
580,보건당약국,900,2100,37.4898771,126.8903719,구로구
581,보라매천사약국,1400,1800,37.4923628,126.9253318,관악구
582,하나약국,1000,1900,37.6421637,126.9217915,은평구
583,가든건강약국,1000,1700,37.4774017,127.1225141,송파구
584,인정약국,930,1300,37.4912666,126.8404118,구로구
585,원당프라자약국,1100,1130,37.4753367,126.9657279,관악구
586,스마트약국,1030,2600,37.5674458,127.0080556,중구
587,정릉열린약국,1630,2200,37.6083314,127.0103319,성북구
588,아현파란문약국,1200,1800,37.5577978,126.9554328,서대문구
589,태평양온누리약국,830,2100,37.5212075,126.8558538,양천구
590,정성약국,900,1330,37.5755998,127.0476069,동대문구
591,크로바약국,830,1830,37.5897489,127.0622531,동대문구
592,서초메이플약국,1730,2130,37.4867122,127.031016,서초구
593,365열린약국,900,2200,37.4938656,126.8581879,구로구
594,조일약국,1400,2200,37.5863513,127.0096594,성북구
595,강동정문약국,1300,1700,37.5367598,127.1347602,강동구
596,마트온누리약국,1000,2330,37.5257763,126.8703272,양천구
597,생각하는약국,1700,2000,37.4473672,127.0553225,서초구
598,굿약국,1200,2200,37.5638919,126.9849166,중구
599,망원온누리약국,900,1300,37.5559132,126.9098266,마포구
600,맑은약국,900,1300,37.6350842,126.923615,은평구
601,하이팜약국,1100,1900,37.6375145,126.9177904,은평구
602,코코약국,1100,2100,37.5658831,126.9839659,중구
603,경희고황약국,1000,1900,37.5931286,127.0524226,동대문구
604,문정우리들약국,1000,1500,37.4857813,127.1203619,송파구
605,정성온누리약국,900,1400,37.5549336,127.0367427,성동구
606,라파온누리약국,900,2030,37.634,127.0416651,도봉구
607,천지당약국,1000,1800,37.4907935,126.9074899,영등포구
608,별약국,900,1300,37.5529212,127.011717,중구
609,고연뿌리약국,900,2200,37.5060582,127.0033885,서초구
610,중앙제일약국,1000,2100,37.5221439,126.8745405,양천구
611,명동하이약국,1200,2300,37.5648596,126.9844949,중구
612,라온365온누리약국,900,1900,37.5412582,126.8400723,강서구
613,옵티마서울약국,900,1300,37.5554652,126.9737482,중구
614,백세약국,900,2100,37.5484242,127.1360287,강동구
615,압구정예주약국,900,2230,37.5084658,127.0271657,강남구
616,홍릉종로약국,900,1900,37.5854154,127.0432315,동대문구
617,우리들위생약국,900,1800,37.5896747,127.0619789,동대문구
618,노들약국,1000,2100,37.5134185,126.944644,동작구
619,예사랑약국,1200,1800,37.5173454,126.985164,용산구
620,합정파란문약국,1200,2100,37.5495927,126.9121968,마포구
621,보현약국,900,1500,37.5001686,126.9147011,영등포구
622,승보약국,1000,1900,37.5702859,126.9956971,종로구
623,현대온누리약국,900,2100,37.5184105,126.9778566,용산구
624,덕수약국,900,1200,37.6066393,127.0955549,중랑구
625,새암온누리약국,1200,1800,37.6356724,127.0238758,강북구
626,엄마약국,900,1300,37.6156615,127.0305429,강북구
